{
	"BUILD_DIR" : "E:/code/official/build-HttpToWebSocketGateway-Desktop_Qt_6_4_0_MinGW_64_bit-Release/HttpToWebSocketGateway_autogen",
	"CMAKE_BINARY_DIR" : "E:/code/official/build-HttpToWebSocketGateway-Desktop_Qt_6_4_0_MinGW_64_bit-Release",
	"CMAKE_CURRENT_BINARY_DIR" : "E:/code/official/build-HttpToWebSocketGateway-Desktop_Qt_6_4_0_MinGW_64_bit-Release",
	"CMAKE_CURRENT_SOURCE_DIR" : "E:/code/official/HttpToWebSocketGateway",
	"CMAKE_EXECUTABLE" : "D:/Qt/Tools/CMake_64/bin/cmake.exe",
	"CMAKE_LIST_FILES" : 
	[
		"E:/code/official/HttpToWebSocketGateway/CMakeLists.txt",
		"D:/Qt/Tools/QtCreator/share/qtcreator/package-manager/auto-setup.cmake",
		"E:/code/official/build-HttpToWebSocketGateway-Desktop_Qt_6_4_0_MinGW_64_bit-Release/CMakeFiles/3.24.2/CMakeSystem.cmake",
		"D:/Qt/Tools/CMake_64/share/cmake-3.24/Modules/CMakeSystemSpecificInitialize.cmake",
		"E:/code/official/build-HttpToWebSocketGateway-Desktop_Qt_6_4_0_MinGW_64_bit-Release/CMakeFiles/3.24.2/CMakeCXXCompiler.cmake",
		"D:/Qt/Tools/CMake_64/share/cmake-3.24/Modules/CMakeSystemSpecificInformation.cmake",
		"D:/Qt/Tools/CMake_64/share/cmake-3.24/Modules/CMakeGenericSystem.cmake",
		"D:/Qt/Tools/CMake_64/share/cmake-3.24/Modules/CMakeInitializeConfigs.cmake",
		"D:/Qt/Tools/CMake_64/share/cmake-3.24/Modules/Platform/Windows.cmake",
		"D:/Qt/Tools/CMake_64/share/cmake-3.24/Modules/Platform/WindowsPaths.cmake",
		"D:/Qt/Tools/CMake_64/share/cmake-3.24/Modules/CMakeCXXInformation.cmake",
		"D:/Qt/Tools/CMake_64/share/cmake-3.24/Modules/CMakeLanguageInformation.cmake",
		"D:/Qt/Tools/CMake_64/share/cmake-3.24/Modules/Compiler/GNU-CXX.cmake",
		"D:/Qt/Tools/CMake_64/share/cmake-3.24/Modules/Compiler/GNU.cmake",
		"D:/Qt/Tools/CMake_64/share/cmake-3.24/Modules/Compiler/CMakeCommonCompilerMacros.cmake",
		"D:/Qt/Tools/CMake_64/share/cmake-3.24/Modules/Platform/Windows-GNU-CXX.cmake",
		"D:/Qt/Tools/CMake_64/share/cmake-3.24/Modules/Platform/Windows-GNU.cmake",
		"E:/code/official/build-HttpToWebSocketGateway-Desktop_Qt_6_4_0_MinGW_64_bit-Release/CMakeFiles/3.24.2/CMakeRCCompiler.cmake",
		"D:/Qt/Tools/CMake_64/share/cmake-3.24/Modules/CMakeRCInformation.cmake",
		"D:/Qt/Tools/CMake_64/share/cmake-3.24/Modules/Platform/Windows-windres.cmake",
		"D:/Qt/Tools/CMake_64/share/cmake-3.24/Modules/Platform/Windows-GNU-CXX-ABI.cmake",
		"D:/Qt/Tools/CMake_64/share/cmake-3.24/Modules/CMakeCommonLanguageInclude.cmake",
		"D:/Qt/6.4.0/mingw_64/lib/cmake/Qt6/Qt6ConfigVersion.cmake",
		"D:/Qt/6.4.0/mingw_64/lib/cmake/Qt6/Qt6ConfigVersionImpl.cmake",
		"D:/Qt/6.4.0/mingw_64/lib/cmake/Qt6/Qt6Config.cmake",
		"D:/Qt/6.4.0/mingw_64/lib/cmake/Qt6/Qt6ConfigExtras.cmake",
		"D:/Qt/6.4.0/mingw_64/lib/cmake/Qt6/QtPublicCMakeVersionHelpers.cmake",
		"D:/Qt/6.4.0/mingw_64/lib/cmake/Qt6/Qt6Targets.cmake",
		"D:/Qt/6.4.0/mingw_64/lib/cmake/Qt6/Qt6VersionlessTargets.cmake",
		"D:/Qt/6.4.0/mingw_64/lib/cmake/Qt6/QtFeature.cmake",
		"D:/Qt/6.4.0/mingw_64/lib/cmake/Qt6/QtFeatureCommon.cmake",
		"D:/Qt/Tools/CMake_64/share/cmake-3.24/Modules/CheckCXXCompilerFlag.cmake",
		"D:/Qt/Tools/CMake_64/share/cmake-3.24/Modules/CheckCXXSourceCompiles.cmake",
		"D:/Qt/Tools/CMake_64/share/cmake-3.24/Modules/Internal/CheckSourceCompiles.cmake",
		"D:/Qt/Tools/CMake_64/share/cmake-3.24/Modules/Internal/CheckCompilerFlag.cmake",
		"D:/Qt/Tools/CMake_64/share/cmake-3.24/Modules/Internal/CheckFlagCommonConfig.cmake",
		"D:/Qt/Tools/CMake_64/share/cmake-3.24/Modules/Internal/CheckSourceCompiles.cmake",
		"D:/Qt/Tools/CMake_64/share/cmake-3.24/Modules/CMakeCheckCompilerFlagCommonPatterns.cmake",
		"D:/Qt/6.4.0/mingw_64/lib/cmake/Qt6/QtPublicAppleHelpers.cmake",
		"D:/Qt/6.4.0/mingw_64/lib/cmake/Qt6/QtPublicFinalizerHelpers.cmake",
		"D:/Qt/6.4.0/mingw_64/lib/cmake/Qt6/QtPublicPluginHelpers.cmake",
		"D:/Qt/6.4.0/mingw_64/lib/cmake/Qt6/QtPublicTargetHelpers.cmake",
		"D:/Qt/6.4.0/mingw_64/lib/cmake/Qt6/QtPublicWalkLibsHelpers.cmake",
		"D:/Qt/6.4.0/mingw_64/lib/cmake/Qt6/QtPublicFindPackageHelpers.cmake",
		"D:/Qt/6.4.0/mingw_64/lib/cmake/Qt6/QtPublicDependencyHelpers.cmake",
		"D:/Qt/6.4.0/mingw_64/lib/cmake/Qt6/QtPublicTestHelpers.cmake",
		"D:/Qt/6.4.0/mingw_64/lib/cmake/Qt6/QtPublicToolHelpers.cmake",
		"D:/Qt/6.4.0/mingw_64/lib/cmake/Qt6/QtPublicCMakeHelpers.cmake",
		"D:/Qt/Tools/CMake_64/share/cmake-3.24/Modules/CMakeFindDependencyMacro.cmake",
		"D:/Qt/6.4.0/mingw_64/lib/cmake/Qt6/Qt6Dependencies.cmake",
		"D:/Qt/Tools/CMake_64/share/cmake-3.24/Modules/FindThreads.cmake",
		"D:/Qt/Tools/CMake_64/share/cmake-3.24/Modules/CheckLibraryExists.cmake",
		"D:/Qt/Tools/CMake_64/share/cmake-3.24/Modules/CheckIncludeFileCXX.cmake",
		"D:/Qt/Tools/CMake_64/share/cmake-3.24/Modules/CheckCXXSourceCompiles.cmake",
		"D:/Qt/Tools/CMake_64/share/cmake-3.24/Modules/FindPackageHandleStandardArgs.cmake",
		"D:/Qt/Tools/CMake_64/share/cmake-3.24/Modules/FindPackageMessage.cmake",
		"D:/Qt/6.4.0/mingw_64/lib/cmake/Qt6/Qt6ConfigVersion.cmake",
		"D:/Qt/6.4.0/mingw_64/lib/cmake/Qt6/Qt6ConfigVersionImpl.cmake",
		"D:/Qt/6.4.0/mingw_64/lib/cmake/Qt6/Qt6Config.cmake",
		"D:/Qt/6.4.0/mingw_64/lib/cmake/Qt6/Qt6ConfigExtras.cmake",
		"D:/Qt/6.4.0/mingw_64/lib/cmake/Qt6/QtPublicCMakeVersionHelpers.cmake",
		"D:/Qt/6.4.0/mingw_64/lib/cmake/Qt6/Qt6Targets.cmake",
		"D:/Qt/6.4.0/mingw_64/lib/cmake/Qt6/Qt6VersionlessTargets.cmake",
		"D:/Qt/6.4.0/mingw_64/lib/cmake/Qt6/QtFeature.cmake",
		"D:/Qt/6.4.0/mingw_64/lib/cmake/Qt6/QtFeatureCommon.cmake",
		"D:/Qt/Tools/CMake_64/share/cmake-3.24/Modules/CheckCXXCompilerFlag.cmake",
		"D:/Qt/6.4.0/mingw_64/lib/cmake/Qt6/QtPublicAppleHelpers.cmake",
		"D:/Qt/6.4.0/mingw_64/lib/cmake/Qt6/QtPublicFinalizerHelpers.cmake",
		"D:/Qt/6.4.0/mingw_64/lib/cmake/Qt6/QtPublicPluginHelpers.cmake",
		"D:/Qt/6.4.0/mingw_64/lib/cmake/Qt6/QtPublicTargetHelpers.cmake",
		"D:/Qt/6.4.0/mingw_64/lib/cmake/Qt6/QtPublicWalkLibsHelpers.cmake",
		"D:/Qt/6.4.0/mingw_64/lib/cmake/Qt6/QtPublicFindPackageHelpers.cmake",
		"D:/Qt/6.4.0/mingw_64/lib/cmake/Qt6/QtPublicDependencyHelpers.cmake",
		"D:/Qt/6.4.0/mingw_64/lib/cmake/Qt6/QtPublicTestHelpers.cmake",
		"D:/Qt/6.4.0/mingw_64/lib/cmake/Qt6/QtPublicToolHelpers.cmake",
		"D:/Qt/6.4.0/mingw_64/lib/cmake/Qt6/QtPublicCMakeHelpers.cmake",
		"D:/Qt/Tools/CMake_64/share/cmake-3.24/Modules/CMakeFindDependencyMacro.cmake",
		"D:/Qt/6.4.0/mingw_64/lib/cmake/Qt6/Qt6Dependencies.cmake",
		"D:/Qt/Tools/CMake_64/share/cmake-3.24/Modules/FindThreads.cmake",
		"D:/Qt/Tools/CMake_64/share/cmake-3.24/Modules/CheckLibraryExists.cmake",
		"D:/Qt/Tools/CMake_64/share/cmake-3.24/Modules/CheckIncludeFileCXX.cmake",
		"D:/Qt/Tools/CMake_64/share/cmake-3.24/Modules/CheckCXXSourceCompiles.cmake",
		"D:/Qt/Tools/CMake_64/share/cmake-3.24/Modules/FindPackageHandleStandardArgs.cmake",
		"D:/Qt/Tools/CMake_64/share/cmake-3.24/Modules/FindPackageMessage.cmake",
		"D:/Qt/6.4.0/mingw_64/lib/cmake/Qt6Core/Qt6CoreConfigVersion.cmake",
		"D:/Qt/6.4.0/mingw_64/lib/cmake/Qt6Core/Qt6CoreConfigVersionImpl.cmake",
		"D:/Qt/6.4.0/mingw_64/lib/cmake/Qt6Core/Qt6CoreConfig.cmake",
		"D:/Qt/Tools/CMake_64/share/cmake-3.24/Modules/CMakeFindDependencyMacro.cmake",
		"D:/Qt/6.4.0/mingw_64/lib/cmake/Qt6Core/Qt6CoreDependencies.cmake",
		"D:/Qt/6.4.0/mingw_64/lib/cmake/Qt6/FindWrapAtomic.cmake",
		"D:/Qt/Tools/CMake_64/share/cmake-3.24/Modules/CheckCXXSourceCompiles.cmake",
		"D:/Qt/Tools/CMake_64/share/cmake-3.24/Modules/FindPackageHandleStandardArgs.cmake",
		"D:/Qt/Tools/CMake_64/share/cmake-3.24/Modules/FindPackageMessage.cmake",
		"D:/Qt/6.4.0/mingw_64/lib/cmake/Qt6CoreTools/Qt6CoreToolsConfigVersion.cmake",
		"D:/Qt/6.4.0/mingw_64/lib/cmake/Qt6CoreTools/Qt6CoreToolsConfigVersionImpl.cmake",
		"D:/Qt/6.4.0/mingw_64/lib/cmake/Qt6CoreTools/Qt6CoreToolsConfig.cmake",
		"D:/Qt/Tools/CMake_64/share/cmake-3.24/Modules/CMakeFindDependencyMacro.cmake",
		"D:/Qt/6.4.0/mingw_64/lib/cmake/Qt6CoreTools/Qt6CoreToolsDependencies.cmake",
		"D:/Qt/6.4.0/mingw_64/lib/cmake/Qt6CoreTools/Qt6CoreToolsTargets.cmake",
		"D:/Qt/6.4.0/mingw_64/lib/cmake/Qt6CoreTools/Qt6CoreToolsTargets-relwithdebinfo.cmake",
		"D:/Qt/6.4.0/mingw_64/lib/cmake/Qt6CoreTools/Qt6CoreToolsAdditionalTargetInfo.cmake",
		"D:/Qt/6.4.0/mingw_64/lib/cmake/Qt6CoreTools/Qt6CoreToolsVersionlessTargets.cmake",
		"D:/Qt/6.4.0/mingw_64/lib/cmake/Qt6ZlibPrivate/Qt6ZlibPrivateConfigVersion.cmake",
		"D:/Qt/6.4.0/mingw_64/lib/cmake/Qt6ZlibPrivate/Qt6ZlibPrivateConfigVersionImpl.cmake",
		"D:/Qt/6.4.0/mingw_64/lib/cmake/Qt6ZlibPrivate/Qt6ZlibPrivateConfig.cmake",
		"D:/Qt/Tools/CMake_64/share/cmake-3.24/Modules/CMakeFindDependencyMacro.cmake",
		"D:/Qt/6.4.0/mingw_64/lib/cmake/Qt6ZlibPrivate/Qt6ZlibPrivateTargets.cmake",
		"D:/Qt/6.4.0/mingw_64/lib/cmake/Qt6ZlibPrivate/Qt6ZlibPrivateAdditionalTargetInfo.cmake",
		"D:/Qt/6.4.0/mingw_64/lib/cmake/Qt6ZlibPrivate/Qt6ZlibPrivateVersionlessTargets.cmake",
		"D:/Qt/6.4.0/mingw_64/lib/cmake/Qt6EntryPointPrivate/Qt6EntryPointPrivateConfigVersion.cmake",
		"D:/Qt/6.4.0/mingw_64/lib/cmake/Qt6EntryPointPrivate/Qt6EntryPointPrivateConfigVersionImpl.cmake",
		"D:/Qt/6.4.0/mingw_64/lib/cmake/Qt6EntryPointPrivate/Qt6EntryPointPrivateConfig.cmake",
		"D:/Qt/Tools/CMake_64/share/cmake-3.24/Modules/CMakeFindDependencyMacro.cmake",
		"D:/Qt/6.4.0/mingw_64/lib/cmake/Qt6EntryPointPrivate/Qt6EntryPointPrivateTargets.cmake",
		"D:/Qt/6.4.0/mingw_64/lib/cmake/Qt6EntryPointPrivate/Qt6EntryPointPrivateTargets-relwithdebinfo.cmake",
		"D:/Qt/6.4.0/mingw_64/lib/cmake/Qt6EntryPointPrivate/Qt6EntryPointPrivateAdditionalTargetInfo.cmake",
		"D:/Qt/6.4.0/mingw_64/lib/cmake/Qt6EntryPointPrivate/Qt6EntryPointPrivateVersionlessTargets.cmake",
		"D:/Qt/6.4.0/mingw_64/lib/cmake/Qt6EntryPointPrivate/Qt6EntryPointMinGW32Target.cmake",
		"D:/Qt/6.4.0/mingw_64/lib/cmake/Qt6Core/Qt6CoreTargets.cmake",
		"D:/Qt/6.4.0/mingw_64/lib/cmake/Qt6Core/Qt6CoreTargets-relwithdebinfo.cmake",
		"D:/Qt/6.4.0/mingw_64/lib/cmake/Qt6Core/Qt6CoreAdditionalTargetInfo.cmake",
		"D:/Qt/6.4.0/mingw_64/lib/cmake/Qt6Core/Qt6CoreVersionlessTargets.cmake",
		"D:/Qt/6.4.0/mingw_64/lib/cmake/Qt6Core/Qt6CoreMacros.cmake",
		"D:/Qt/Tools/CMake_64/share/cmake-3.24/Modules/CMakeParseArguments.cmake",
		"D:/Qt/6.4.0/mingw_64/lib/cmake/Qt6Core/Qt6CoreConfigExtras.cmake",
		"D:/Qt/Tools/CMake_64/share/cmake-3.24/Modules/GNUInstallDirs.cmake",
		"D:/Qt/6.4.0/mingw_64/lib/cmake/Qt6/Qt6ConfigVersion.cmake",
		"D:/Qt/6.4.0/mingw_64/lib/cmake/Qt6/Qt6ConfigVersionImpl.cmake",
		"D:/Qt/6.4.0/mingw_64/lib/cmake/Qt6/Qt6Config.cmake",
		"D:/Qt/6.4.0/mingw_64/lib/cmake/Qt6/Qt6ConfigExtras.cmake",
		"D:/Qt/6.4.0/mingw_64/lib/cmake/Qt6/QtPublicCMakeVersionHelpers.cmake",
		"D:/Qt/6.4.0/mingw_64/lib/cmake/Qt6/Qt6Targets.cmake",
		"D:/Qt/6.4.0/mingw_64/lib/cmake/Qt6/Qt6VersionlessTargets.cmake",
		"D:/Qt/6.4.0/mingw_64/lib/cmake/Qt6/QtFeature.cmake",
		"D:/Qt/6.4.0/mingw_64/lib/cmake/Qt6/QtFeatureCommon.cmake",
		"D:/Qt/Tools/CMake_64/share/cmake-3.24/Modules/CheckCXXCompilerFlag.cmake",
		"D:/Qt/6.4.0/mingw_64/lib/cmake/Qt6/QtPublicAppleHelpers.cmake",
		"D:/Qt/6.4.0/mingw_64/lib/cmake/Qt6/QtPublicFinalizerHelpers.cmake",
		"D:/Qt/6.4.0/mingw_64/lib/cmake/Qt6/QtPublicPluginHelpers.cmake",
		"D:/Qt/6.4.0/mingw_64/lib/cmake/Qt6/QtPublicTargetHelpers.cmake",
		"D:/Qt/6.4.0/mingw_64/lib/cmake/Qt6/QtPublicWalkLibsHelpers.cmake",
		"D:/Qt/6.4.0/mingw_64/lib/cmake/Qt6/QtPublicFindPackageHelpers.cmake",
		"D:/Qt/6.4.0/mingw_64/lib/cmake/Qt6/QtPublicDependencyHelpers.cmake",
		"D:/Qt/6.4.0/mingw_64/lib/cmake/Qt6/QtPublicTestHelpers.cmake",
		"D:/Qt/6.4.0/mingw_64/lib/cmake/Qt6/QtPublicToolHelpers.cmake",
		"D:/Qt/6.4.0/mingw_64/lib/cmake/Qt6/QtPublicCMakeHelpers.cmake",
		"D:/Qt/Tools/CMake_64/share/cmake-3.24/Modules/CMakeFindDependencyMacro.cmake",
		"D:/Qt/6.4.0/mingw_64/lib/cmake/Qt6/Qt6Dependencies.cmake",
		"D:/Qt/Tools/CMake_64/share/cmake-3.24/Modules/FindThreads.cmake",
		"D:/Qt/Tools/CMake_64/share/cmake-3.24/Modules/CheckLibraryExists.cmake",
		"D:/Qt/Tools/CMake_64/share/cmake-3.24/Modules/CheckIncludeFileCXX.cmake",
		"D:/Qt/Tools/CMake_64/share/cmake-3.24/Modules/CheckCXXSourceCompiles.cmake",
		"D:/Qt/Tools/CMake_64/share/cmake-3.24/Modules/FindPackageHandleStandardArgs.cmake",
		"D:/Qt/Tools/CMake_64/share/cmake-3.24/Modules/FindPackageMessage.cmake",
		"D:/Qt/6.4.0/mingw_64/lib/cmake/Qt6WebSockets/Qt6WebSocketsConfigVersion.cmake",
		"D:/Qt/6.4.0/mingw_64/lib/cmake/Qt6WebSockets/Qt6WebSocketsConfigVersionImpl.cmake",
		"D:/Qt/6.4.0/mingw_64/lib/cmake/Qt6WebSockets/Qt6WebSocketsConfig.cmake",
		"D:/Qt/Tools/CMake_64/share/cmake-3.24/Modules/CMakeFindDependencyMacro.cmake",
		"D:/Qt/6.4.0/mingw_64/lib/cmake/Qt6WebSockets/Qt6WebSocketsDependencies.cmake",
		"D:/Qt/6.4.0/mingw_64/lib/cmake/Qt6Network/Qt6NetworkConfigVersion.cmake",
		"D:/Qt/6.4.0/mingw_64/lib/cmake/Qt6Network/Qt6NetworkConfigVersionImpl.cmake",
		"D:/Qt/6.4.0/mingw_64/lib/cmake/Qt6Network/Qt6NetworkConfig.cmake",
		"D:/Qt/Tools/CMake_64/share/cmake-3.24/Modules/CMakeFindDependencyMacro.cmake",
		"D:/Qt/6.4.0/mingw_64/lib/cmake/Qt6Network/Qt6NetworkDependencies.cmake",
		"D:/Qt/6.4.0/mingw_64/lib/cmake/Qt6Network/Qt6NetworkTargets.cmake",
		"D:/Qt/6.4.0/mingw_64/lib/cmake/Qt6Network/Qt6NetworkTargets-relwithdebinfo.cmake",
		"D:/Qt/6.4.0/mingw_64/lib/cmake/Qt6Network/Qt6NetworkAdditionalTargetInfo.cmake",
		"D:/Qt/6.4.0/mingw_64/lib/cmake/Qt6Network/Qt6NetworkVersionlessTargets.cmake",
		"D:/Qt/6.4.0/mingw_64/lib/cmake/Qt6Network/Qt6NetworkPlugins.cmake",
		"D:/Qt/6.4.0/mingw_64/lib/cmake/Qt6Network/Qt6QSchannelBackendPluginConfig.cmake",
		"D:/Qt/Tools/CMake_64/share/cmake-3.24/Modules/CMakeFindDependencyMacro.cmake",
		"D:/Qt/6.4.0/mingw_64/lib/cmake/Qt6Network/Qt6QSchannelBackendPluginTargets.cmake",
		"D:/Qt/6.4.0/mingw_64/lib/cmake/Qt6Network/Qt6QSchannelBackendPluginTargets-relwithdebinfo.cmake",
		"D:/Qt/6.4.0/mingw_64/lib/cmake/Qt6Network/Qt6QSchannelBackendPluginAdditionalTargetInfo.cmake",
		"D:/Qt/6.4.0/mingw_64/lib/cmake/Qt6Network/Qt6QTlsBackendCertOnlyPluginConfig.cmake",
		"D:/Qt/Tools/CMake_64/share/cmake-3.24/Modules/CMakeFindDependencyMacro.cmake",
		"D:/Qt/6.4.0/mingw_64/lib/cmake/Qt6Network/Qt6QTlsBackendCertOnlyPluginTargets.cmake",
		"D:/Qt/6.4.0/mingw_64/lib/cmake/Qt6Network/Qt6QTlsBackendCertOnlyPluginTargets-relwithdebinfo.cmake",
		"D:/Qt/6.4.0/mingw_64/lib/cmake/Qt6Network/Qt6QTlsBackendCertOnlyPluginAdditionalTargetInfo.cmake",
		"D:/Qt/6.4.0/mingw_64/lib/cmake/Qt6Network/Qt6QTlsBackendOpenSSLPluginConfig.cmake",
		"D:/Qt/Tools/CMake_64/share/cmake-3.24/Modules/CMakeFindDependencyMacro.cmake",
		"D:/Qt/6.4.0/mingw_64/lib/cmake/Qt6Network/Qt6QTlsBackendOpenSSLPluginTargets.cmake",
		"D:/Qt/6.4.0/mingw_64/lib/cmake/Qt6Network/Qt6QTlsBackendOpenSSLPluginTargets-relwithdebinfo.cmake",
		"D:/Qt/6.4.0/mingw_64/lib/cmake/Qt6Network/Qt6QTlsBackendOpenSSLPluginAdditionalTargetInfo.cmake",
		"D:/Qt/6.4.0/mingw_64/lib/cmake/Qt6WebSockets/Qt6WebSocketsTargets.cmake",
		"D:/Qt/6.4.0/mingw_64/lib/cmake/Qt6WebSockets/Qt6WebSocketsTargets-relwithdebinfo.cmake",
		"D:/Qt/6.4.0/mingw_64/lib/cmake/Qt6WebSockets/Qt6WebSocketsAdditionalTargetInfo.cmake",
		"D:/Qt/6.4.0/mingw_64/lib/cmake/Qt6WebSockets/Qt6WebSocketsVersionlessTargets.cmake",
		"D:/Qt/6.4.0/mingw_64/lib/cmake/Qt6/Qt6ConfigVersion.cmake",
		"D:/Qt/6.4.0/mingw_64/lib/cmake/Qt6/Qt6ConfigVersionImpl.cmake",
		"D:/Qt/6.4.0/mingw_64/lib/cmake/Qt6/Qt6Config.cmake",
		"D:/Qt/6.4.0/mingw_64/lib/cmake/Qt6/Qt6ConfigExtras.cmake",
		"D:/Qt/6.4.0/mingw_64/lib/cmake/Qt6/QtPublicCMakeVersionHelpers.cmake",
		"D:/Qt/6.4.0/mingw_64/lib/cmake/Qt6/Qt6Targets.cmake",
		"D:/Qt/6.4.0/mingw_64/lib/cmake/Qt6/Qt6VersionlessTargets.cmake",
		"D:/Qt/6.4.0/mingw_64/lib/cmake/Qt6/QtFeature.cmake",
		"D:/Qt/6.4.0/mingw_64/lib/cmake/Qt6/QtFeatureCommon.cmake",
		"D:/Qt/Tools/CMake_64/share/cmake-3.24/Modules/CheckCXXCompilerFlag.cmake",
		"D:/Qt/6.4.0/mingw_64/lib/cmake/Qt6/QtPublicAppleHelpers.cmake",
		"D:/Qt/6.4.0/mingw_64/lib/cmake/Qt6/QtPublicFinalizerHelpers.cmake",
		"D:/Qt/6.4.0/mingw_64/lib/cmake/Qt6/QtPublicPluginHelpers.cmake",
		"D:/Qt/6.4.0/mingw_64/lib/cmake/Qt6/QtPublicTargetHelpers.cmake",
		"D:/Qt/6.4.0/mingw_64/lib/cmake/Qt6/QtPublicWalkLibsHelpers.cmake",
		"D:/Qt/6.4.0/mingw_64/lib/cmake/Qt6/QtPublicFindPackageHelpers.cmake",
		"D:/Qt/6.4.0/mingw_64/lib/cmake/Qt6/QtPublicDependencyHelpers.cmake",
		"D:/Qt/6.4.0/mingw_64/lib/cmake/Qt6/QtPublicTestHelpers.cmake",
		"D:/Qt/6.4.0/mingw_64/lib/cmake/Qt6/QtPublicToolHelpers.cmake",
		"D:/Qt/6.4.0/mingw_64/lib/cmake/Qt6/QtPublicCMakeHelpers.cmake",
		"D:/Qt/Tools/CMake_64/share/cmake-3.24/Modules/CMakeFindDependencyMacro.cmake",
		"D:/Qt/6.4.0/mingw_64/lib/cmake/Qt6/Qt6Dependencies.cmake",
		"D:/Qt/Tools/CMake_64/share/cmake-3.24/Modules/FindThreads.cmake",
		"D:/Qt/Tools/CMake_64/share/cmake-3.24/Modules/CheckLibraryExists.cmake",
		"D:/Qt/Tools/CMake_64/share/cmake-3.24/Modules/CheckIncludeFileCXX.cmake",
		"D:/Qt/Tools/CMake_64/share/cmake-3.24/Modules/CheckCXXSourceCompiles.cmake",
		"D:/Qt/Tools/CMake_64/share/cmake-3.24/Modules/FindPackageHandleStandardArgs.cmake",
		"D:/Qt/Tools/CMake_64/share/cmake-3.24/Modules/FindPackageMessage.cmake",
		"D:/Qt/6.4.0/mingw_64/lib/cmake/Qt6HttpServer/Qt6HttpServerConfigVersion.cmake",
		"D:/Qt/6.4.0/mingw_64/lib/cmake/Qt6HttpServer/Qt6HttpServerConfigVersionImpl.cmake",
		"D:/Qt/6.4.0/mingw_64/lib/cmake/Qt6HttpServer/Qt6HttpServerConfig.cmake",
		"D:/Qt/Tools/CMake_64/share/cmake-3.24/Modules/CMakeFindDependencyMacro.cmake",
		"D:/Qt/6.4.0/mingw_64/lib/cmake/Qt6HttpServer/Qt6HttpServerDependencies.cmake",
		"D:/Qt/6.4.0/mingw_64/lib/cmake/Qt6HttpServer/Qt6HttpServerTargets.cmake",
		"D:/Qt/6.4.0/mingw_64/lib/cmake/Qt6HttpServer/Qt6HttpServerTargets-relwithdebinfo.cmake",
		"D:/Qt/6.4.0/mingw_64/lib/cmake/Qt6HttpServer/Qt6HttpServerAdditionalTargetInfo.cmake",
		"D:/Qt/6.4.0/mingw_64/lib/cmake/Qt6HttpServer/Qt6HttpServerVersionlessTargets.cmake"
	],
	"CMAKE_SOURCE_DIR" : "E:/code/official/HttpToWebSocketGateway",
	"DEP_FILE" : "E:/code/official/build-HttpToWebSocketGateway-Desktop_Qt_6_4_0_MinGW_64_bit-Release/HttpToWebSocketGateway_autogen/deps",
	"DEP_FILE_RULE_NAME" : "HttpToWebSocketGateway_autogen/timestamp",
	"HEADERS" : 
	[
		[
			"E:/code/official/HttpToWebSocketGateway/config.h",
			"MU",
			"EWIEGA46WW/moc_config.cpp",
			null
		],
		[
			"E:/code/official/HttpToWebSocketGateway/main.h",
			"MU",
			"EWIEGA46WW/moc_main.cpp",
			null
		],
		[
			"E:/code/official/HttpToWebSocketGateway/simplehttpserver.h",
			"MU",
			"EWIEGA46WW/moc_simplehttpserver.cpp",
			null
		],
		[
			"E:/code/official/HttpToWebSocketGateway/websocketclient.h",
			"MU",
			"EWIEGA46WW/moc_websocketclient.cpp",
			null
		]
	],
	"HEADER_EXTENSIONS" : [ "h", "hh", "h++", "hm", "hpp", "hxx", "in", "txx" ],
	"INCLUDE_DIR" : "E:/code/official/build-HttpToWebSocketGateway-Desktop_Qt_6_4_0_MinGW_64_bit-Release/HttpToWebSocketGateway_autogen/include",
	"MOC_COMPILATION_FILE" : "E:/code/official/build-HttpToWebSocketGateway-Desktop_Qt_6_4_0_MinGW_64_bit-Release/HttpToWebSocketGateway_autogen/mocs_compilation.cpp",
	"MOC_DEFINITIONS" : 
	[
		"MINGW_HAS_SECURE_API=1",
		"QT_CORE_LIB",
		"QT_HTTPSERVER_LIB",
		"QT_NETWORK_LIB",
		"QT_NO_DEBUG",
		"QT_WEBSOCKETS_LIB",
		"UNICODE",
		"WIN32",
		"WIN64",
		"_ENABLE_EXTENDED_ALIGNED_STORAGE",
		"_UNICODE",
		"_WIN64"
	],
	"MOC_DEPEND_FILTERS" : 
	[
		[
			"Q_PLUGIN_METADATA",
			"[\n][ \t]*Q_PLUGIN_METADATA[ \t]*\\([^\\)]*FILE[ \t]*\"([^\"]+)\""
		]
	],
	"MOC_INCLUDES" : 
	[
		"E:/code/official/build-HttpToWebSocketGateway-Desktop_Qt_6_4_0_MinGW_64_bit-Release",
		"E:/code/official/HttpToWebSocketGateway",
		"D:/Qt/6.4.0/mingw_64/include/QtCore",
		"D:/Qt/6.4.0/mingw_64/include",
		"D:/Qt/6.4.0/mingw_64/mkspecs/win32-g++",
		"D:/Qt/6.4.0/mingw_64/include/QtWebSockets",
		"D:/Qt/6.4.0/mingw_64/include/QtNetwork",
		"D:/Qt/6.4.0/mingw_64/include/QtHttpServer",
		"D:/Qt/Tools/mingw1120_64/lib/gcc/x86_64-w64-mingw32/11.2.0/include/c++",
		"D:/Qt/Tools/mingw1120_64/lib/gcc/x86_64-w64-mingw32/11.2.0/include/c++/x86_64-w64-mingw32",
		"D:/Qt/Tools/mingw1120_64/lib/gcc/x86_64-w64-mingw32/11.2.0/include/c++/backward",
		"D:/Qt/Tools/mingw1120_64/lib/gcc/x86_64-w64-mingw32/11.2.0/include",
		"D:/Qt/Tools/mingw1120_64/lib/gcc/x86_64-w64-mingw32/11.2.0/include-fixed",
		"D:/Qt/Tools/mingw1120_64/x86_64-w64-mingw32/include"
	],
	"MOC_MACRO_NAMES" : 
	[
		"Q_OBJECT",
		"Q_GADGET",
		"Q_GADGET_EXPORT",
		"Q_NAMESPACE",
		"Q_NAMESPACE_EXPORT"
	],
	"MOC_OPTIONS" : [],
	"MOC_PATH_PREFIX" : false,
	"MOC_PREDEFS_CMD" : 
	[
		"D:/Qt/Tools/mingw1120_64/bin/g++.exe",
		"-dM",
		"-E",
		"-c",
		"D:/Qt/Tools/CMake_64/share/cmake-3.24/Modules/CMakeCXXCompilerABI.cpp"
	],
	"MOC_PREDEFS_FILE" : "E:/code/official/build-HttpToWebSocketGateway-Desktop_Qt_6_4_0_MinGW_64_bit-Release/HttpToWebSocketGateway_autogen/moc_predefs.h",
	"MOC_RELAXED_MODE" : false,
	"MOC_SKIP" : [],
	"MULTI_CONFIG" : false,
	"PARALLEL" : 8,
	"PARSE_CACHE_FILE" : "E:/code/official/build-HttpToWebSocketGateway-Desktop_Qt_6_4_0_MinGW_64_bit-Release/CMakeFiles/HttpToWebSocketGateway_autogen.dir/ParseCache.txt",
	"QT_MOC_EXECUTABLE" : "D:/Qt/6.4.0/mingw_64/./bin/moc.exe",
	"QT_UIC_EXECUTABLE" : "",
	"QT_VERSION_MAJOR" : 6,
	"QT_VERSION_MINOR" : 4,
	"SETTINGS_FILE" : "E:/code/official/build-HttpToWebSocketGateway-Desktop_Qt_6_4_0_MinGW_64_bit-Release/CMakeFiles/HttpToWebSocketGateway_autogen.dir/AutogenUsed.txt",
	"SOURCES" : 
	[
		[ "E:/code/official/HttpToWebSocketGateway/config.cpp", "MU", null ],
		[ "E:/code/official/HttpToWebSocketGateway/main.cpp", "MU", null ],
		[
			"E:/code/official/HttpToWebSocketGateway/simplehttpserver.cpp",
			"MU",
			null
		],
		[
			"E:/code/official/HttpToWebSocketGateway/websocketclient.cpp",
			"MU",
			null
		]
	],
	"UIC_OPTIONS" : [],
	"UIC_SEARCH_PATHS" : [],
	"UIC_SKIP" : [],
	"UIC_UI_FILES" : [],
	"VERBOSITY" : 0
}
